{
  "IcoMoonType": "selection",
  "icons": [
    {
      "icon": {
        "paths": [
          "M512.002 193.212v-65.212h128v-64c0-35.346-28.654-64-64.002-64h-191.998c-35.346 0-64 28.654-64 64v64h128v65.212c-214.798 16.338-384 195.802-384 414.788 0 229.75 186.25 416 416 416s416-186.25 416-416c0-218.984-169.202-398.448-384-414.788zM706.276 834.274c-60.442 60.44-140.798 93.726-226.274 93.726s-165.834-33.286-226.274-93.726c-60.44-60.44-93.726-140.8-93.726-226.274s33.286-165.834 93.726-226.274c58.040-58.038 134.448-91.018 216.114-93.548l-21.678 314.020c-1.86 26.29 12.464 37.802 31.836 37.802s33.698-11.512 31.836-37.802l-21.676-314.022c81.666 2.532 158.076 35.512 216.116 93.55 60.44 60.44 93.726 140.8 93.726 226.274s-33.286 165.834-93.726 226.274z"
        ],
        "tags": [
          "stopwatch",
          "time",
          "speed",
          "meter",
          "chronometer"
        ],
        "defaultCode": 59730,
        "grid": 16,
        "attrs": []
      },
      "attrs": [],
      "properties": {
        "ligatures": "stopwatch, time5",
        "name": "stopwatch",
        "order": 68,
        "id": 83,
        "prevSize": 32,
        "code": 59730
      },
      "setIdx": 0,
      "setId": 1,
      "iconIdx": 82
    },
    {
      "icon": {
        "paths": [
          "M728.992 512c137.754-87.334 231.008-255.208 231.008-448 0-21.676-1.192-43.034-3.478-64h-889.042c-2.29 20.968-3.48 42.326-3.48 64 0 192.792 93.254 360.666 231.006 448-137.752 87.334-231.006 255.208-231.006 448 0 21.676 1.19 43.034 3.478 64h889.042c2.288-20.966 3.478-42.324 3.478-64 0.002-192.792-93.252-360.666-231.006-448zM160 960c0-186.912 80.162-345.414 224-397.708v-100.586c-143.838-52.29-224-210.792-224-397.706v0h704c0 186.914-80.162 345.416-224 397.706v100.586c143.838 52.294 224 210.796 224 397.708h-704zM619.626 669.594c-71.654-40.644-75.608-93.368-75.626-125.366v-64.228c0-31.994 3.804-84.914 75.744-125.664 38.504-22.364 71.808-56.348 97.048-98.336h-409.582c25.266 42.032 58.612 76.042 97.166 98.406 71.654 40.644 75.606 93.366 75.626 125.366v64.228c0 31.992-3.804 84.914-75.744 125.664-72.622 42.18-126.738 125.684-143.090 226.336h501.67c-16.364-100.708-70.53-184.248-143.212-226.406z"
        ],
        "tags": [
          "hour-glass",
          "loading",
          "busy",
          "wait"
        ],
        "defaultCode": 59769,
        "grid": 16,
        "attrs": []
      },
      "attrs": [],
      "properties": {
        "ligatures": "hour-glass, loading",
        "name": "hour-glass",
        "order": 67,
        "id": 122,
        "prevSize": 32,
        "code": 59769
      },
      "setIdx": 0,
      "setId": 1,
      "iconIdx": 121
    },
    {
      "icon": {
        "paths": [
          "M1024 0h-416l160 160-192 192 96 96 192-192 160 160z",
          "M1024 1024v-416l-160 160-192-192-96 96 192 192-160 160z",
          "M0 1024h416l-160-160 192-192-96-96-192 192-160-160z",
          "M0 0v416l160-160 192 192 96-96-192-192 160-160z"
        ],
        "tags": [
          "enlarge",
          "expand",
          "maximize",
          "fullscreen"
        ],
        "defaultCode": 59785,
        "grid": 16,
        "attrs": []
      },
      "attrs": [],
      "properties": {
        "ligatures": "enlarge, expand",
        "name": "enlarge",
        "order": 72,
        "id": 138,
        "prevSize": 32,
        "code": 59785
      },
      "setIdx": 0,
      "setId": 1,
      "iconIdx": 137
    },
    {
      "icon": {
        "paths": [
          "M576 448h416l-160-160 192-192-96-96-192 192-160-160z",
          "M576 576v416l160-160 192 192 96-96-192-192 160-160z",
          "M448 575.996h-416l160 160-192 192 96 96 192-192 160 160z",
          "M448 448v-416l-160 160-192-192-96 96 192 192-160 160z"
        ],
        "tags": [
          "shrink",
          "collapse",
          "minimize",
          "contract"
        ],
        "defaultCode": 59786,
        "grid": 16,
        "attrs": []
      },
      "attrs": [],
      "properties": {
        "ligatures": "shrink, collapse",
        "name": "shrink",
        "order": 73,
        "id": 139,
        "prevSize": 32,
        "code": 59786
      },
      "setIdx": 0,
      "setId": 1,
      "iconIdx": 138
    },
    {
      "icon": {
        "paths": [
          "M592 448h-16v-192c0-105.87-86.13-192-192-192h-128c-105.87 0-192 86.13-192 192v192h-16c-26.4 0-48 21.6-48 48v480c0 26.4 21.6 48 48 48h544c26.4 0 48-21.6 48-48v-480c0-26.4-21.6-48-48-48zM192 256c0-35.29 28.71-64 64-64h128c35.29 0 64 28.71 64 64v192h-256v-192z"
        ],
        "tags": [
          "lock",
          "secure",
          "private",
          "encrypted"
        ],
        "defaultCode": 59791,
        "grid": 16,
        "attrs": []
      },
      "attrs": [],
      "properties": {
        "ligatures": "lock, secure",
        "name": "lock",
        "order": 76,
        "id": 144,
        "prevSize": 32,
        "code": 59791
      },
      "setIdx": 0,
      "setId": 1,
      "iconIdx": 143
    },
    {
      "icon": {
        "paths": [
          "M768 64c105.87 0 192 86.13 192 192v192h-128v-192c0-35.29-28.71-64-64-64h-128c-35.29 0-64 28.71-64 64v192h16c26.4 0 48 21.6 48 48v480c0 26.4-21.6 48-48 48h-544c-26.4 0-48-21.6-48-48v-480c0-26.4 21.6-48 48-48h400v-192c0-105.87 86.13-192 192-192h128z"
        ],
        "tags": [
          "unlocked",
          "lock-open"
        ],
        "defaultCode": 59792,
        "grid": 16,
        "attrs": []
      },
      "attrs": [],
      "properties": {
        "ligatures": "unlocked, lock-open",
        "name": "unlocked",
        "order": 75,
        "id": 145,
        "prevSize": 32,
        "code": 59792
      },
      "setIdx": 0,
      "setId": 1,
      "iconIdx": 144
    },
    {
      "icon": {
        "paths": [
          "M933.79 610.25c-53.726-93.054-21.416-212.304 72.152-266.488l-100.626-174.292c-28.75 16.854-62.176 26.518-97.846 26.518-107.536 0-194.708-87.746-194.708-195.99h-201.258c0.266 33.41-8.074 67.282-25.958 98.252-53.724 93.056-173.156 124.702-266.862 70.758l-100.624 174.292c28.97 16.472 54.050 40.588 71.886 71.478 53.638 92.908 21.512 211.92-71.708 266.224l100.626 174.292c28.65-16.696 61.916-26.254 97.4-26.254 107.196 0 194.144 87.192 194.7 194.958h201.254c-0.086-33.074 8.272-66.57 25.966-97.218 53.636-92.906 172.776-124.594 266.414-71.012l100.626-174.29c-28.78-16.466-53.692-40.498-71.434-71.228zM512 719.332c-114.508 0-207.336-92.824-207.336-207.334 0-114.508 92.826-207.334 207.336-207.334 114.508 0 207.332 92.826 207.332 207.334-0.002 114.51-92.824 207.334-207.332 207.334z"
        ],
        "tags": [
          "cog",
          "gear",
          "preferences",
          "settings",
          "generate",
          "control",
          "options"
        ],
        "defaultCode": 59796,
        "grid": 16,
        "attrs": []
      },
      "attrs": [],
      "properties": {
        "ligatures": "cog, gear",
        "name": "cog",
        "order": 71,
        "id": 149,
        "prevSize": 32,
        "code": 59796
      },
      "setIdx": 0,
      "setId": 1,
      "iconIdx": 148
    },
    {
      "icon": {
        "paths": [
          "M1009.996 828.976l-301.544-301.544c-18.668-18.668-49.214-18.668-67.882 0l-22.626 22.626-184-184 302.056-302.058h-320l-142.058 142.058-14.060-14.058h-67.882v67.882l14.058 14.058-206.058 206.060 160 160 206.058-206.058 184 184-22.626 22.626c-18.668 18.668-18.668 49.214 0 67.882l301.544 301.544c18.668 18.668 49.214 18.668 67.882 0l113.136-113.136c18.67-18.666 18.67-49.214 0.002-67.882z"
        ],
        "tags": [
          "hammer",
          "tool",
          "fix",
          "make",
          "generate",
          "work",
          "build"
        ],
        "defaultCode": 59798,
        "grid": 16,
        "attrs": []
      },
      "attrs": [],
      "properties": {
        "ligatures": "hammer, tool2",
        "name": "hammer",
        "order": 69,
        "id": 151,
        "prevSize": 32,
        "code": 59798
      },
      "setIdx": 0,
      "setId": 1,
      "iconIdx": 150
    },
    {
      "icon": {
        "paths": [
          "M576 96c0 53.019-42.981 96-96 96s-96-42.981-96-96c0-53.019 42.981-96 96-96s96 42.981 96 96z",
          "M576 256h-192c-35.346 0-64 28.654-64 64v320h64v384h80v-384h32v384h80v-384h64v-320c0-35.346-28.652-64-64-64z"
        ],
        "tags": [
          "man",
          "male",
          "gender",
          "sex"
        ],
        "defaultCode": 59868,
        "grid": 16,
        "attrs": []
      },
      "attrs": [],
      "properties": {
        "ligatures": "man, male",
        "name": "man",
        "order": 70,
        "id": 221,
        "prevSize": 32,
        "code": 59868
      },
      "setIdx": 0,
      "setId": 1,
      "iconIdx": 220
    }
  ],
  "height": 1024,
  "metadata": {
    "name": "icomoon"
  },
  "preferences": {
    "showGlyphs": true,
    "showQuickUse": true,
    "showQuickUse2": true,
    "showSVGs": true,
    "fontPref": {
      "prefix": "icon-",
      "metadata": {
        "fontFamily": "icomoon"
      },
      "metrics": {
        "emSize": 1024,
        "baseline": 6.25,
        "whitespace": 50
      },
      "embed": false
    },
    "imagePref": {
      "prefix": "icon-",
      "png": true,
      "useClassSelector": true,
      "color": 0,
      "bgColor": 16777215,
      "classSelector": ".icon"
    },
    "historySize": 50,
    "showCodes": true,
    "gridSize": 16
  }
}